bucket_count_max_ms,bucket_count_p50_ms,bucket_count_p95_ms,checkpoint_ms,close_ms,close_reopen_count_ms,inserts_per_sec,max_ms,mean_ms,node_name,p50_ms,p95_ms,query_max_ms,query_p50_ms,query_p95_ms,reopen_count_ms,repeat,storage_class,time_range_max_ms,time_range_p50_ms,time_range_p95_ms,workload,write_max_ms,write_p50_ms,write_p95_ms
,,,,,,,179.122249,16.655374404,ovh-ns103656,16.664166,25.101274,,,,,1,local-path-ovh-hdd,,,,autocommit_1000,,,
,,,,,,,166.680569,9.880721176400002,ovh-ns103656,8.361528,16.692466,,,,,1,local-path-ovh-hdd,,,,autocommit_10000,,,
,,,,,,900.242793726895,320.72956800000003,11.1081144661,ovh-ns103656,8.59794,16.570911000000002,,,,,1,local-path-ovh-hdd,,,,activitywatch_batch_10,,,
,,,,,,5759.335147916346,210.90864100000002,17.363115261,ovh-ns103656,9.327405,81.460882,,,,,1,local-path-ovh-hdd,,,,activitywatch_batch_100,,,
,,,,,,31571.73211099138,185.25672600000001,31.673903619999997,ovh-ns103656,15.914628,127.983275,,,,,1,local-path-ovh-hdd,,,,activitywatch_batch_1000,,,
,,,,,,5524.625765409891,,,ovh-ns103656,,,0.12068100000000001,0.017175,0.020472,,1,local-path-ovh-hdd,,,,grocy_batch_100,632.010153,8.413502,22.093709999999998
0.044779,0.019643,0.020932,,,0.5808989999999999,,,,ovh-ns103656,,,,,,,1,local-path-ovh-hdd,0.755109,0.289302,0.36656500000000003,queries_10000,,,
0.22692400000000001,0.14805,0.190427,,,4.769709,,,,ovh-ns103656,,,,,,,1,local-path-ovh-hdd,23.402396999999997,7.312142,11.419398000000001,queries_100000,,,
12.86984,1.486194,3.8937389999999996,,,7.98975,,,,ovh-ns103656,,,,,,,1,local-path-ovh-hdd,15.169588,3.780173,14.959857,queries_1000000,,,
,,,122.088991,1.447509,,,,,ovh-ns103656,,,,,,6.527179,1,local-path-ovh-hdd,,,,wal_checkpoint_truncate,,,
,,,,,,,316.75985499999996,26.50261911,ovh-ns103656,25.020114,33.296291,,,,,2,local-path-ovh-hdd,,,,autocommit_1000,,,
,,,,,,,227.29061000000002,10.6531846297,ovh-ns103656,8.366812,25.052768,,,,,2,local-path-ovh-hdd,,,,autocommit_10000,,,
,,,,,,857.6091642606998,332.59842299999997,11.6603231597,ovh-ns103656,8.645268,24.930931,,,,,2,local-path-ovh-hdd,,,,activitywatch_batch_10,,,
,,,,,,5292.195270512951,239.793919,18.89575023,ovh-ns103656,9.550847,102.21618600000001,,,,,2,local-path-ovh-hdd,,,,activitywatch_batch_100,,,
,,,,,,25446.20060346133,188.067188,39.29859768,ovh-ns103656,24.17126,144.344042,,,,,2,local-path-ovh-hdd,,,,activitywatch_batch_1000,,,
,,,,,,5120.780855992519,,,ovh-ns103656,,,0.14170400000000002,0.026321,0.039705,,2,local-path-ovh-hdd,,,,grocy_batch_100,710.8756189999999,8.480458,32.271941
0.056879,0.018494,0.019242,,,0.446394,,,,ovh-ns103656,,,,,,,2,local-path-ovh-hdd,1.280057,0.443446,1.26177,queries_10000,,,
0.191282,0.14527299999999999,0.161643,,,3.082675,,,,ovh-ns103656,,,,,,,2,local-path-ovh-hdd,19.182712000000002,4.122171,9.252889,queries_100000,,,
4.259048,1.451599,2.7698,,,27.130899,,,,ovh-ns103656,,,,,,,2,local-path-ovh-hdd,10.701673999999999,3.631503,6.818900999999999,queries_1000000,,,
,,,124.74260500000001,0.7062,,,,,ovh-ns103656,,,,,,2.7784590000000002,2,local-path-ovh-hdd,,,,wal_checkpoint_truncate,,,
,,,,,,,324.942003,31.169401839,ovh-ns103656,33.285704,33.6805,,,,,3,local-path-ovh-hdd,,,,autocommit_1000,,,
,,,,,,,174.768453,10.7805174839,ovh-ns103656,8.355382,26.68042,,,,,3,local-path-ovh-hdd,,,,autocommit_10000,,,
,,,,,,899.4748456616956,252.72916800000002,11.117598283300001,ovh-ns103656,8.51585,24.976129,,,,,3,local-path-ovh-hdd,,,,activitywatch_batch_10,,,
,,,,,,5239.204846894697,268.402634,19.086865836,ovh-ns103656,9.086669,90.111842,,,,,3,local-path-ovh-hdd,,,,activitywatch_batch_100,,,
,,,,,,28582.92582467814,186.526436,34.98592153,ovh-ns103656,19.975628,127.49880599999999,,,,,3,local-path-ovh-hdd,,,,activitywatch_batch_1000,,,
,,,,,,5133.266296064976,,,ovh-ns103656,,,0.130561,0.020654,0.047575,,3,local-path-ovh-hdd,,,,grocy_batch_100,684.789857,8.282350000000001,32.96045
0.054039000000000004,0.018768,0.020103,,,0.577329,,,,ovh-ns103656,,,,,,,3,local-path-ovh-hdd,1.042924,0.279995,0.607854,queries_10000,,,
0.201547,0.148376,0.174731,,,1.008143,,,,ovh-ns103656,,,,,,,3,local-path-ovh-hdd,20.516758,3.9877360000000004,10.255602000000001,queries_100000,,,
5.471204,1.525699,5.292495000000001,,,8.698153,,,,ovh-ns103656,,,,,,,3,local-path-ovh-hdd,20.467574,3.833681,10.075521,queries_1000000,,,
,,,119.217098,0.420846,,,,,ovh-ns103656,,,,,,2.030665,3,local-path-ovh-hdd,,,,wal_checkpoint_truncate,,,
,,,,,,,197.699692,26.092818362,ovh-ns103656,25.019205,31.919864,,,,,4,local-path-ovh-hdd,,,,autocommit_1000,,,
,,,,,,,213.825027,10.6031531787,ovh-ns103656,8.357813,25.030112,,,,,4,local-path-ovh-hdd,,,,autocommit_10000,,,
,,,,,,903.4435997260981,228.026277,11.068759580600002,ovh-ns103656,8.526673,23.041531,,,,,4,local-path-ovh-hdd,,,,activitywatch_batch_10,,,
,,,,,,5745.7618863581365,211.16526499999998,17.404132294,ovh-ns103656,9.010795,92.15429499999999,,,,,4,local-path-ovh-hdd,,,,activitywatch_batch_100,,,
,,,,,,29002.390613983935,203.62072,34.479916270000004,ovh-ns103656,18.031556000000002,137.345512,,,,,4,local-path-ovh-hdd,,,,activitywatch_batch_1000,,,
,,,,,,5367.634081605121,,,ovh-ns103656,,,0.18146199999999998,0.036431,0.04743,,4,local-path-ovh-hdd,,,,grocy_batch_100,736.201362,8.261344000000001,24.663349
0.058554,0.018501,0.019776,,,0.658165,,,,ovh-ns103656,,,,,,,4,local-path-ovh-hdd,1.90083,0.374518,1.648168,queries_10000,,,
0.242972,0.14671399999999998,0.1817,,,3.970596,,,,ovh-ns103656,,,,,,,4,local-path-ovh-hdd,9.545556,3.753468,6.752555,queries_100000,,,
5.492723,1.482141,2.702353,,,10.620449,,,,ovh-ns103656,,,,,,,4,local-path-ovh-hdd,17.887147,3.816659,9.280119,queries_1000000,,,
,,,110.766351,0.5910540000000001,,,,,ovh-ns103656,,,,,,2.0377110000000003,4,local-path-ovh-hdd,,,,wal_checkpoint_truncate,,,
,,,,,,,116.730577,19.684465664,ovh-ns103656,16.688555,41.704843,,,,,5,local-path-ovh-hdd,,,,autocommit_1000,,,
,,,,,,,279.918775,9.8870152421,ovh-ns103656,8.360443,16.689174,,,,,5,local-path-ovh-hdd,,,,autocommit_10000,,,
,,,,,,906.203186545304,271.04872800000004,11.0350527878,ovh-ns103656,8.59118,16.567608,,,,,5,local-path-ovh-hdd,,,,activitywatch_batch_10,,,
,,,,,,5731.976962005637,199.739068,17.445987774,ovh-ns103656,9.312941,80.790569,,,,,5,local-path-ovh-hdd,,,,activitywatch_batch_100,,,
,,,,,,33100.02751357037,214.63684899999998,30.21145525,ovh-ns103656,15.96962,124.728702,,,,,5,local-path-ovh-hdd,,,,activitywatch_batch_1000,,,
,,,,,,5543.816343043171,,,ovh-ns103656,,,0.135053,0.017816,0.040738,,5,local-path-ovh-hdd,,,,grocy_batch_100,628.4727439999999,8.350171,22.466769
0.046506,0.019707,0.020468,,,0.53382,,,,ovh-ns103656,,,,,,,5,local-path-ovh-hdd,0.49085100000000004,0.290793,0.379438,queries_10000,,,
0.581841,0.147651,0.5299550000000001,,,1.339987,,,,ovh-ns103656,,,,,,,5,local-path-ovh-hdd,9.120560999999999,3.570189,4.10164,queries_100000,,,
5.216718,1.770172,4.134386,,,26.72798,,,,ovh-ns103656,,,,,,,5,local-path-ovh-hdd,6.362133,3.718949,5.50216,queries_1000000,,,
,,,119.113873,0.44819899999999996,,,,,ovh-ns103656,,,,,,1.4891990000000002,5,local-path-ovh-hdd,,,,wal_checkpoint_truncate,,,
,,,,,,,6.50602,1.230498624,ovh-ns104963,1.1010900000000001,2.03251,,,,,1,local-path-ovh-ssd,,,,autocommit_1000,,,
,,,,,,,11.312648999999999,0.2571591963,ovh-ns104963,0.093542,1.179914,,,,,1,local-path-ovh-ssd,,,,autocommit_10000,,,
,,,,,,44744.45087676252,9.875069,0.22349140069999998,ovh-ns104963,0.17740799999999998,0.274055,,,,,1,local-path-ovh-ssd,,,,activitywatch_batch_10,,,
,,,,,,148002.857579973,8.719782,0.67566263,ovh-ns104963,0.520451,1.4999200000000001,,,,,1,local-path-ovh-ssd,,,,activitywatch_batch_100,,,
,,,,,,320225.79351263144,18.181562,3.1227965400000004,ovh-ns104963,2.383991,5.342192,,,,,1,local-path-ovh-ssd,,,,activitywatch_batch_1000,,,
,,,,,,171038.6216479126,,,ovh-ns104963,,,0.105428,0.014657,0.016605,,1,local-path-ovh-ssd,,,,grocy_batch_100,19.708634999999997,0.380387,1.1657410000000001
0.076881,0.017589,0.018393000000000003,,,0.469842,,,,ovh-ns104963,,,,,,,1,local-path-ovh-ssd,1.191233,0.508658,1.111569,queries_10000,,,
0.463612,0.134879,0.443125,,,0.839386,,,,ovh-ns104963,,,,,,,1,local-path-ovh-ssd,9.778251,4.159749,8.747587,queries_100000,,,
4.914379,1.8508179999999999,4.883767,,,6.541654,,,,ovh-ns104963,,,,,,,1,local-path-ovh-ssd,23.934946,3.7844089999999997,10.507935,queries_1000000,,,
,,,1.24317,0.312677,,,,,ovh-ns104963,,,,,,1.273061,1,local-path-ovh-ssd,,,,wal_checkpoint_truncate,,,
,,,,,,,7.039671,1.160560958,ovh-ns104963,1.056283,1.990701,,,,,2,local-path-ovh-ssd,,,,autocommit_1000,,,
,,,,,,,8.059626,0.27663143739999996,ovh-ns104963,0.093487,1.654995,,,,,2,local-path-ovh-ssd,,,,autocommit_10000,,,
,,,,,,44876.80765436064,6.5167530000000005,0.2228322495,ovh-ns104963,0.170578,0.274287,,,,,2,local-path-ovh-ssd,,,,activitywatch_batch_10,,,
,,,,,,148684.28053509182,9.77341,0.672566055,ovh-ns104963,0.532266,1.44925,,,,,2,local-path-ovh-ssd,,,,activitywatch_batch_100,,,
,,,,,,330016.24000016553,11.603034,3.03015391,ovh-ns104963,2.3741909999999997,5.208919,,,,,2,local-path-ovh-ssd,,,,activitywatch_batch_1000,,,
,,,,,,154196.6180876081,,,ovh-ns104963,,,0.136324,0.017134,0.039906,,2,local-path-ovh-ssd,,,,grocy_batch_100,7.966399000000001,0.529104,1.3906980000000002
0.108255,0.056173,0.058477999999999995,,,0.459053,,,,ovh-ns104963,,,,,,,2,local-path-ovh-ssd,1.123043,0.35727699999999996,1.106531,queries_10000,,,
0.520059,0.49063100000000004,0.50549,,,0.863067,,,,ovh-ns104963,,,,,,,2,local-path-ovh-ssd,11.986704000000001,5.710622,10.017745,queries_100000,,,
5.037759,1.494325,4.878697000000001,,,5.571208,,,,ovh-ns104963,,,,,,,2,local-path-ovh-ssd,23.08087,4.389273,11.696164999999999,queries_1000000,,,
,,,1.3055510000000001,0.311098,,,,,ovh-ns104963,,,,,,1.3585260000000001,2,local-path-ovh-ssd,,,,wal_checkpoint_truncate,,,
,,,,,,,8.032701,1.455647113,ovh-ns104963,1.47748,2.026997,,,,,3,local-path-ovh-ssd,,,,autocommit_1000,,,
,,,,,,,7.428352,0.2732716188,ovh-ns104963,0.093438,1.585557,,,,,3,local-path-ovh-ssd,,,,autocommit_10000,,,
,,,,,,45088.369484398936,7.669783000000001,0.22178668499999998,ovh-ns104963,0.171487,0.26999,,,,,3,local-path-ovh-ssd,,,,activitywatch_batch_10,,,
,,,,,,155505.8643477404,13.137886,0.643062565,ovh-ns104963,0.5031,1.45467,,,,,3,local-path-ovh-ssd,,,,activitywatch_batch_100,,,
,,,,,,311240.71714056755,16.554221000000002,3.21294723,ovh-ns104963,2.5296149999999997,5.338693,,,,,3,local-path-ovh-ssd,,,,activitywatch_batch_1000,,,
,,,,,,172806.61202889096,,,ovh-ns104963,,,0.108739,0.032296,0.040139999999999995,,3,local-path-ovh-ssd,,,,grocy_batch_100,8.18401,0.392815,1.067578
0.098438,0.055942,0.056706,,,0.445841,,,,ovh-ns104963,,,,,,,3,local-path-ovh-ssd,1.185727,0.262429,1.077997,queries_10000,,,
0.467018,0.13844700000000001,0.36696599999999996,,,1.0849469999999999,,,,ovh-ns104963,,,,,,,3,local-path-ovh-ssd,20.7621,4.2479249999999995,9.097657,queries_100000,,,
4.782208,2.04036,4.537531,,,6.153671,,,,ovh-ns104963,,,,,,,3,local-path-ovh-ssd,12.150318,4.4946589999999995,10.415396000000001,queries_1000000,,,
,,,1.2709620000000001,0.387091,,,,,ovh-ns104963,,,,,,1.4142320000000002,3,local-path-ovh-ssd,,,,wal_checkpoint_truncate,,,
,,,,,,,5.761198,1.407125181,ovh-ns104963,1.5730080000000002,2.01287,,,,,4,local-path-ovh-ssd,,,,autocommit_1000,,,
,,,,,,,11.754927,0.2600069839,ovh-ns104963,0.09645300000000001,1.13249,,,,,4,local-path-ovh-ssd,,,,autocommit_10000,,,
,,,,,,44740.44582219446,5.588188,0.2235114071,ovh-ns104963,0.173498,0.27704,,,,,4,local-path-ovh-ssd,,,,activitywatch_batch_10,,,
,,,,,,134099.43104575004,11.455955,0.745715319,ovh-ns104963,0.636166,1.517157,,,,,4,local-path-ovh-ssd,,,,activitywatch_batch_100,,,
,,,,,,281705.249768889,20.297428,3.5498096,ovh-ns104963,3.221428,5.691869,,,,,4,local-path-ovh-ssd,,,,activitywatch_batch_1000,,,
,,,,,,170102.829729124,,,ovh-ns104963,,,0.12407299999999999,0.015241000000000001,0.037885,,4,local-path-ovh-ssd,,,,grocy_batch_100,11.636458000000001,0.386085,1.1614069999999999
0.051632000000000004,0.017397999999999997,0.018153,,,0.344951,,,,ovh-ns104963,,,,,,,4,local-path-ovh-ssd,1.184007,0.26363899999999996,1.03603,queries_10000,,,
0.543715,0.355133,0.502189,,,1.184007,,,,ovh-ns104963,,,,,,,4,local-path-ovh-ssd,11.398973999999999,6.021775,11.009542000000001,queries_100000,,,
16.616478999999998,1.331276,1.794115,,,5.563696,,,,ovh-ns104963,,,,,,,4,local-path-ovh-ssd,7.0094579999999995,3.436437,6.324535,queries_1000000,,,
,,,1.3992040000000001,0.41532199999999997,,,,,ovh-ns104963,,,,,,1.573144,4,local-path-ovh-ssd,,,,wal_checkpoint_truncate,,,
,,,,,,,7.630973,0.75528441,ovh-ns104952,0.18628899999999998,1.97781,,,,,5,local-path-ovh-ssd,,,,autocommit_1000,,,
,,,,,,,10.072387,0.2605720699,ovh-ns104952,0.092713,1.232928,,,,,5,local-path-ovh-ssd,,,,autocommit_10000,,,
,,,,,,47993.98582372269,5.745126,0.20835943979999996,ovh-ns104952,0.165112,0.251867,,,,,5,local-path-ovh-ssd,,,,activitywatch_batch_10,,,
,,,,,,144355.1440266278,7.258545,0.692735965,ovh-ns104952,0.533481,1.521209,,,,,5,local-path-ovh-ssd,,,,activitywatch_batch_100,,,
,,,,,,320260.3045009995,9.020022,3.12246003,ovh-ns104952,2.324709,6.089506,,,,,5,local-path-ovh-ssd,,,,activitywatch_batch_1000,,,
,,,,,,169030.82531998196,,,ovh-ns104952,,,1.5068139999999999,0.018198000000000002,0.588749,,5,local-path-ovh-ssd,,,,grocy_batch_100,9.604701,0.388874,1.369753
0.058871,0.017192000000000002,0.052482,,,0.383209,,,,ovh-ns104952,,,,,,,5,local-path-ovh-ssd,1.057733,0.25312,0.755735,queries_10000,,,
0.337296,0.13459400000000002,0.20778100000000002,,,0.9387650000000001,,,,ovh-ns104952,,,,,,,5,local-path-ovh-ssd,18.493229,4.658507,7.828144,queries_100000,,,
3.052152,1.5569659999999999,2.2241359999999997,,,7.200296,,,,ovh-ns104952,,,,,,,5,local-path-ovh-ssd,11.806965000000002,6.6755510000000005,10.554055,queries_1000000,,,
,,,1.360091,0.381828,,,,,ovh-ns104952,,,,,,1.4927810000000001,5,local-path-ovh-ssd,,,,wal_checkpoint_truncate,,,
,,,,,,,2097.205514,28.728651592,ovh-ns103656,20.791268000000002,50.714014,,,,,1,seaweedfs-ovh,,,,autocommit_1000,,,
,,,,,,,21265.787093,37.0127995129,ovh-ns103656,30.029528,64.937288,,,,,1,seaweedfs-ovh,,,,autocommit_10000,,,
,,,,,,444.18257045267654,1029.405159,22.5132651869,ovh-ns103656,14.106041,39.200725999999996,,,,,1,seaweedfs-ovh,,,,activitywatch_batch_10,,,
,,,,,,1926.2993304669765,1842.91559,51.913011866,ovh-ns103656,26.43627,225.533926,,,,,1,seaweedfs-ovh,,,,activitywatch_batch_100,,,
,,,,,,10225.216518729716,656.1974,97.79744009999999,ovh-ns103656,49.376519,563.411685,,,,,1,seaweedfs-ovh,,,,activitywatch_batch_1000,,,
,,,,,,2886.680832535367,,,ovh-ns103656,,,6.009101,0.06407800000000001,0.125378,,1,seaweedfs-ovh,,,,grocy_batch_100,1020.9564019999999,18.392239,42.829876000000006
0.188689,0.088542,0.13752799999999998,,,407.38891,,,,ovh-ns103656,,,,,,,1,seaweedfs-ovh,1.305432,0.374049,1.2797869999999998,queries_10000,,,
6.803451,1.415115,5.950919,,,1107.6754680000001,,,,ovh-ns103656,,,,,,,1,seaweedfs-ovh,27.448093999999998,5.471974,9.01839,queries_100000,,,
796.916767,511.533236,743.622872,,,7800.116916,,,,ovh-ns103656,,,,,,,1,seaweedfs-ovh,969.3023979999999,26.760976999999997,71.22457899999999,queries_1000000,,,
,,,296.068852,22.014433,,,,,ovh-ns103656,,,,,,1458.5515209999999,1,seaweedfs-ovh,,,,wal_checkpoint_truncate,,,
,,,,,,,256.320579,21.154306674,ovh-ns103656,18.414937,46.002477999999996,,,,,2,seaweedfs-ovh,,,,autocommit_1000,,,
,,,,,,,577.762394,36.7451314342,ovh-ns103656,31.294001,68.92338600000001,,,,,2,seaweedfs-ovh,,,,autocommit_10000,,,
,,,,,,426.66464473409025,1148.455883,23.437611068600003,ovh-ns103656,15.251736,39.06232,,,,,2,seaweedfs-ovh,,,,activitywatch_batch_10,,,
,,,,,,2122.4726695714044,957.0225810000001,47.114858737,ovh-ns103656,22.040746,280.114749,,,,,2,seaweedfs-ovh,,,,activitywatch_batch_100,,,
,,,,,,13663.586509637435,473.368525,73.18722645,ovh-ns103656,34.314114,382.648512,,,,,2,seaweedfs-ovh,,,,activitywatch_batch_1000,,,
,,,,,,3626.3935802297074,,,ovh-ns103656,,,0.302092,0.075779,0.115504,,2,seaweedfs-ovh,,,,grocy_batch_100,899.823859,13.163761,36.113171
0.169374,0.08203300000000001,0.15686,,,632.040249,,,,ovh-ns103656,,,,,,,2,seaweedfs-ovh,6.753655,1.246643,4.8575349999999995,queries_10000,,,
4.657332,1.223495,3.0134179999999997,,,1064.200609,,,,ovh-ns103656,,,,,,,2,seaweedfs-ovh,11.918334,4.246427,10.043545,queries_100000,,,
37.513661,7.829644999999999,32.025311,,,8300.871028,,,,ovh-ns103656,,,,,,,2,seaweedfs-ovh,19.959975,6.998506,10.216106000000002,queries_1000000,,,
,,,438.010707,30.789191,,,,,ovh-ns103656,,,,,,1013.2534339999999,2,seaweedfs-ovh,,,,wal_checkpoint_truncate,,,
,,,,,,,151.539177,26.142121573,ovh-ns103656,23.435052000000002,50.963274000000006,,,,,3,seaweedfs-ovh,,,,autocommit_1000,,,
,,,,,,,386.65525299999996,40.322736416699996,ovh-ns103656,37.989078,65.93503100000001,,,,,3,seaweedfs-ovh,,,,autocommit_10000,,,
,,,,,,397.08840500562474,918.291529,25.183308991,ovh-ns103656,16.694412,38.543317,,,,,3,seaweedfs-ovh,,,,activitywatch_batch_10,,,
,,,,,,1754.5345733134516,1046.413614,56.995172122,ovh-ns103656,30.614878,326.932131,,,,,3,seaweedfs-ovh,,,,activitywatch_batch_100,,,
,,,,,,9060.729891023293,1096.419512,110.36638461,ovh-ns103656,50.389782000000004,569.761641,,,,,3,seaweedfs-ovh,,,,activitywatch_batch_1000,,,
,,,,,,2833.437629971856,,,ovh-ns103656,,,0.226393,0.06289,0.097677,,3,seaweedfs-ovh,,,,grocy_batch_100,1053.7025449999999,18.607025999999998,41.561683
0.166618,0.07708,0.09797,,,758.5204669999999,,,,ovh-ns103656,,,,,,,3,seaweedfs-ovh,1.405213,1.20371,1.349168,queries_10000,,,
22.704163,2.567272,6.782388,,,1264.9546540000001,,,,ovh-ns103656,,,,,,,3,seaweedfs-ovh,12.663018999999998,3.9467030000000003,12.461241,queries_100000,,,
773.311781,476.793318,606.512489,,,8241.921595000002,,,,ovh-ns103656,,,,,,,3,seaweedfs-ovh,1055.160747,20.544145999999998,72.55409999999999,queries_1000000,,,
,,,448.293317,21.004642,,,,,ovh-ns103656,,,,,,1169.420717,3,seaweedfs-ovh,,,,wal_checkpoint_truncate,,,
,,,,,,,281.641689,25.949246525,ovh-ns103656,20.624702000000003,54.433602,,,,,4,seaweedfs-ovh,,,,autocommit_1000,,,
,,,,,,,504.234119,37.00081783460001,ovh-ns103656,32.232101,67.501237,,,,,4,seaweedfs-ovh,,,,autocommit_10000,,,
,,,,,,411.71596386231397,805.923818,24.288589410500002,ovh-ns103656,16.278731,39.322497999999996,,,,,4,seaweedfs-ovh,,,,activitywatch_batch_10,,,
,,,,,,1717.6807603372,842.236331,58.218035801,ovh-ns103656,31.729726,270.288826,,,,,4,seaweedfs-ovh,,,,activitywatch_batch_100,,,
,,,,,,8939.757655533644,721.132271,111.85985554999999,ovh-ns103656,56.8796,582.380491,,,,,4,seaweedfs-ovh,,,,activitywatch_batch_1000,,,
,,,,,,2706.9190232576802,,,ovh-ns103656,,,0.286996,0.094164,0.153429,,4,seaweedfs-ovh,,,,grocy_batch_100,1028.714318,18.582838000000002,45.105233
0.157935,0.08834900000000001,0.145596,,,739.330224,,,,ovh-ns103656,,,,,,,4,seaweedfs-ovh,5.46807,1.343701,3.018114,queries_10000,,,
23.77769,3.0437160000000003,7.964562999999999,,,1023.981126,,,,ovh-ns103656,,,,,,,4,seaweedfs-ovh,24.736445999999997,4.348681,11.480169,queries_100000,,,
21.687670999999998,5.118362,10.409608,,,8457.847387,,,,ovh-ns103656,,,,,,,4,seaweedfs-ovh,14.358195,4.529403,12.767615,queries_1000000,,,
,,,285.910541,23.355545,,,,,ovh-ns103656,,,,,,1048.691064,4,seaweedfs-ovh,,,,wal_checkpoint_truncate,,,
,,,,,,,251.37943299999998,21.856303273,ovh-ns103656,17.391747,46.152488999999996,,,,,5,seaweedfs-ovh,,,,autocommit_1000,,,
,,,,,,,401.004501,40.041588572500004,ovh-ns103656,35.805732,71.806768,,,,,5,seaweedfs-ovh,,,,autocommit_10000,,,
,,,,,,425.0055131512226,771.705188,23.5291065423,ovh-ns103656,15.182012,38.892149,,,,,5,seaweedfs-ovh,,,,activitywatch_batch_10,,,
,,,,,,1989.538699962245,840.818748,50.262907679,ovh-ns103656,24.586523,263.633173,,,,,5,seaweedfs-ovh,,,,activitywatch_batch_100,,,
,,,,,,9346.74090290704,760.531637,106.98916450000002,ovh-ns103656,54.033877000000004,555.7443020000001,,,,,5,seaweedfs-ovh,,,,activitywatch_batch_1000,,,
,,,,,,3019.3902018279805,,,ovh-ns103656,,,0.49648499999999995,0.078167,0.137687,,5,seaweedfs-ovh,,,,grocy_batch_100,1653.8427159999999,15.090259,40.446877
0.11662199999999999,0.08666299999999999,0.100793,,,595.183464,,,,ovh-ns103656,,,,,,,5,seaweedfs-ovh,1.41706,0.596369,1.343512,queries_10000,,,
7.0163459999999995,1.123354,4.194769,,,1694.8853219999999,,,,ovh-ns103656,,,,,,,5,seaweedfs-ovh,1145.3950399999999,11.941353,44.933147999999996,queries_100000,,,
16.352335999999998,4.244609,13.579949,,,8672.263358,,,,ovh-ns103656,,,,,,,5,seaweedfs-ovh,23.987378,3.9538159999999998,8.642445,queries_1000000,,,
,,,430.47457099999997,22.349894,,,,,ovh-ns103656,,,,,,1417.4025139999999,5,seaweedfs-ovh,,,,wal_checkpoint_truncate,,,
,,,,,,,266.914959,25.180054159,ovh-ns103656,22.236963,49.720021,,,,,1,seaweedfs-ovh-ssd,,,,autocommit_1000,,,
,,,,,,,328.874,41.1664987967,ovh-ns103656,39.010189000000004,65.63980099999999,,,,,1,seaweedfs-ovh-ssd,,,,autocommit_10000,,,
,,,,,,458.9256627758893,1373.574157,21.7900213719,ovh-ns103656,13.353729,34.488744000000004,,,,,1,seaweedfs-ovh-ssd,,,,activitywatch_batch_10,,,
,,,,,,2037.306749082795,905.196838,49.084410114,ovh-ns103656,21.593790000000002,330.290323,,,,,1,seaweedfs-ovh-ssd,,,,activitywatch_batch_100,,,
,,,,,,10680.061684332444,799.871077,93.63241801,ovh-ns103656,37.99389,544.4026709999999,,,,,1,seaweedfs-ovh-ssd,,,,activitywatch_batch_1000,,,
,,,,,,3078.1269201437485,,,ovh-ns103656,,,0.199579,0.06475700000000001,0.113001,,1,seaweedfs-ovh-ssd,,,,grocy_batch_100,1174.5470790000002,14.695482,37.334989
0.123864,0.08135,0.11645,,,410.663932,,,,ovh-ns103656,,,,,,,1,seaweedfs-ovh-ssd,1.405395,0.359243,0.498431,queries_10000,,,
11.56152,3.562262,8.719923,,,1052.009928,,,,ovh-ns103656,,,,,,,1,seaweedfs-ovh-ssd,20.383098999999998,5.006777,12.756013,queries_100000,,,
12.278195,4.84344,9.920207,,,6157.713341,,,,ovh-ns103656,,,,,,,1,seaweedfs-ovh-ssd,10.522402999999999,4.158999,7.648129,queries_1000000,,,
,,,677.2137769999999,21.322294,,,,,ovh-ns103656,,,,,,1393.252632,1,seaweedfs-ovh-ssd,,,,wal_checkpoint_truncate,,,
,,,,,,,121.785404,25.095235196,ovh-ns103656,22.849383,50.311788,,,,,2,seaweedfs-ovh-ssd,,,,autocommit_1000,,,
,,,,,,,302.515421,39.9457530806,ovh-ns103656,37.88594,65.260368,,,,,2,seaweedfs-ovh-ssd,,,,autocommit_10000,,,
,,,,,,456.98972861304156,784.983199,21.8823298947,ovh-ns103656,13.484869,34.365609,,,,,2,seaweedfs-ovh-ssd,,,,activitywatch_batch_10,,,
,,,,,,1993.0171989728094,852.611188,50.175181655,ovh-ns103656,23.279601,299.53333599999996,,,,,2,seaweedfs-ovh-ssd,,,,activitywatch_batch_100,,,
,,,,,,10228.439746568529,814.066505,97.76662177,ovh-ns103656,41.983585,555.125421,,,,,2,seaweedfs-ovh-ssd,,,,activitywatch_batch_1000,,,
,,,,,,2951.1320265534387,,,ovh-ns103656,,,0.25721,0.035902,0.107423,,2,seaweedfs-ovh-ssd,,,,grocy_batch_100,1342.736369,15.420544,40.118949
0.165408,0.054491,0.11603999999999999,,,574.17156,,,,ovh-ns103656,,,,,,,2,seaweedfs-ovh-ssd,1.781159,0.421707,0.6675420000000001,queries_10000,,,
7.858303,2.254807,4.532686,,,1217.637928,,,,ovh-ns103656,,,,,,,2,seaweedfs-ovh-ssd,16.583987,4.451148,12.908976000000001,queries_100000,,,
36.310634,14.833585,31.066855,,,5826.061651,,,,ovh-ns103656,,,,,,,2,seaweedfs-ovh-ssd,1060.958339,22.933239,58.412558000000004,queries_1000000,,,
,,,358.63214300000004,15.565558,,,,,ovh-ns103656,,,,,,1068.7550820000001,2,seaweedfs-ovh-ssd,,,,wal_checkpoint_truncate,,,
,,,,,,,101.159807,22.941211126,ovh-ns103656,20.578889999999998,43.268262,,,,,3,seaweedfs-ovh-ssd,,,,autocommit_1000,,,
,,,,,,,321.28290300000003,33.3744229516,ovh-ns103656,29.615388,55.926012,,,,,3,seaweedfs-ovh-ssd,,,,autocommit_10000,,,
,,,,,,434.3671501801845,1282.235534,23.021998776500002,ovh-ns103656,13.057718,38.317212000000005,,,,,3,seaweedfs-ovh-ssd,,,,activitywatch_batch_10,,,
,,,,,,1793.7501362904807,1208.884159,55.749124684,ovh-ns103656,21.477809,382.09895500000005,,,,,3,seaweedfs-ovh-ssd,,,,activitywatch_batch_100,,,
,,,,,,8810.14882436682,1078.1576420000001,113.50546057000001,ovh-ns103656,42.257144000000004,662.9991560000001,,,,,3,seaweedfs-ovh-ssd,,,,activitywatch_batch_1000,,,
,,,,,,2695.015712082147,,,ovh-ns103656,,,0.268606,0.065288,0.103351,,3,seaweedfs-ovh-ssd,,,,grocy_batch_100,1472.864161,14.958808000000001,44.107400999999996
4.42966,0.095634,2.2028730000000003,,,558.764058,,,,ovh-ns103656,,,,,,,3,seaweedfs-ovh-ssd,1.4127429999999999,0.37327699999999997,1.278478,queries_10000,,,
8.655718,1.962469,7.166604,,,1185.615786,,,,ovh-ns103656,,,,,,,3,seaweedfs-ovh-ssd,23.923897999999998,9.455743,12.598097000000001,queries_100000,,,
153.369492,111.875183,139.97925,,,6068.048492,,,,ovh-ns103656,,,,,,,3,seaweedfs-ovh-ssd,973.09079,21.260551,71.44121100000001,queries_1000000,,,
,,,438.630281,29.540205999999998,,,,,ovh-ns103656,,,,,,1408.099341,3,seaweedfs-ovh-ssd,,,,wal_checkpoint_truncate,,,
,,,,,,,89.104171,23.404180184,ovh-ns103656,19.601624,50.223278,,,,,4,seaweedfs-ovh-ssd,,,,autocommit_1000,,,
,,,,,,,1005.2711620000001,40.2716357363,ovh-ns103656,32.555428,74.325516,,,,,4,seaweedfs-ovh-ssd,,,,autocommit_10000,,,
,,,,,,456.52973942041086,739.918957,21.9043780427,ovh-ns103656,14.353948,35.121874999999996,,,,,4,seaweedfs-ovh-ssd,,,,activitywatch_batch_10,,,
,,,,,,2064.540851607933,772.833856,48.436919968,ovh-ns103656,22.143489,263.969976,,,,,4,seaweedfs-ovh-ssd,,,,activitywatch_batch_100,,,
,,,,,,9919.143614786035,742.307376,100.8151549,ovh-ns103656,42.205232,586.403592,,,,,4,seaweedfs-ovh-ssd,,,,activitywatch_batch_1000,,,
,,,,,,3037.490805045661,,,ovh-ns103656,,,5.414698,0.070577,0.316793,,4,seaweedfs-ovh-ssd,,,,grocy_batch_100,1710.1857570000002,14.792836,41.765779
0.151386,0.109565,0.14879499999999998,,,618.267737,,,,ovh-ns103656,,,,,,,4,seaweedfs-ovh-ssd,2.020786,0.513726,0.92689,queries_10000,,,
17.276447,2.3622959999999997,8.593582000000001,,,1145.25143,,,,ovh-ns103656,,,,,,,4,seaweedfs-ovh-ssd,25.061434000000002,6.6547220000000005,14.625115,queries_100000,,,
14.810398000000001,5.731203,12.508137000000001,,,5501.9623329999995,,,,ovh-ns103656,,,,,,,4,seaweedfs-ovh-ssd,9.385463999999999,3.949602,6.8181140000000005,queries_1000000,,,
,,,453.852756,18.054994,,,,,ovh-ns103656,,,,,,1208.823824,4,seaweedfs-ovh-ssd,,,,wal_checkpoint_truncate,,,
,,,,,,,139.53911699999998,23.116059281,ovh-ns103656,20.424827999999998,46.995572,,,,,5,seaweedfs-ovh-ssd,,,,autocommit_1000,,,
,,,,,,,314.90537,36.0784613127,ovh-ns103656,31.177933000000003,67.287761,,,,,5,seaweedfs-ovh-ssd,,,,autocommit_10000,,,
,,,,,,455.71415947900266,1140.915909,21.9435797462,ovh-ns103656,12.299973000000001,37.530058999999994,,,,,5,seaweedfs-ovh-ssd,,,,activitywatch_batch_10,,,
,,,,,,1818.3012981650402,1797.9786820000002,54.996385968,ovh-ns103656,21.465591999999997,291.598929,,,,,5,seaweedfs-ovh-ssd,,,,activitywatch_batch_100,,,
,,,,,,8444.536415166605,1152.455537,118.41976289,ovh-ns103656,46.458855,654.478436,,,,,5,seaweedfs-ovh-ssd,,,,activitywatch_batch_1000,,,
,,,,,,2626.6326303278233,,,ovh-ns103656,,,0.254789,0.063205,0.10040299999999999,,5,seaweedfs-ovh-ssd,,,,grocy_batch_100,1907.0601869999998,16.403364,47.681014
0.120844,0.040406,0.09067,,,451.478479,,,,ovh-ns103656,,,,,,,5,seaweedfs-ovh-ssd,1.334895,0.330219,1.271666,queries_10000,,,
22.777076,2.492482,8.45515,,,1367.007321,,,,ovh-ns103656,,,,,,,5,seaweedfs-ovh-ssd,14.955958,5.7028039999999995,12.116233000000001,queries_100000,,,
24.056504,6.215395,18.045306,,,6155.506851,,,,ovh-ns103656,,,,,,,5,seaweedfs-ovh-ssd,27.553722999999998,4.265338,7.664337000000001,queries_1000000,,,
,,,459.29067200000003,36.657709,,,,,ovh-ns103656,,,,,,1158.586873,5,seaweedfs-ovh-ssd,,,,wal_checkpoint_truncate,,,
