target,operation,http_status,seconds
cephfs-ssd,version,200,0.262015
cephfs-ssd,version,200,0.288103
cephfs-ssd,version,200,0.276595
cephfs-ssd,version,200,0.278669
cephfs-ssd,version,200,0.321271
cephfs-ssd,version,200,0.293967
cephfs-ssd,version,200,0.280918
cephfs-ssd,version,200,0.286006
cephfs-ssd,version,200,0.284186
cephfs-ssd,version,200,0.275262
cephfs-ssd,version,200,0.266904
cephfs-ssd,version,200,0.276853
cephfs-ssd,version,200,0.279684
cephfs-ssd,version,200,0.298601
cephfs-ssd,version,200,0.287310
cephfs-ssd,version,200,0.259886
cephfs-ssd,version,200,0.294073
cephfs-ssd,version,200,0.283739
cephfs-ssd,version,200,0.293971
cephfs-ssd,version,200,0.267485
cephfs-ssd,contents_read,200,0.305287
cephfs-ssd,contents_read,200,0.308021
cephfs-ssd,contents_read,200,0.293816
cephfs-ssd,contents_read,200,0.307193
cephfs-ssd,contents_read,200,0.305308
cephfs-ssd,contents_read,200,0.304023
cephfs-ssd,contents_read,200,0.315689
cephfs-ssd,contents_read,200,0.286266
cephfs-ssd,contents_read,200,0.317446
cephfs-ssd,contents_read,200,0.306094
cephfs-ssd,contents_read,200,0.286277
cephfs-ssd,contents_read,200,0.305859
cephfs-ssd,contents_read,200,0.304377
cephfs-ssd,contents_read,200,0.311860
cephfs-ssd,contents_read,200,0.321871
cephfs-ssd,contents_read,200,0.316141
cephfs-ssd,contents_read,200,0.345706
cephfs-ssd,contents_read,200,0.341264
cephfs-ssd,contents_read,200,0.304978
cephfs-ssd,contents_read,200,0.306973
cephfs-ssd,contents_write,201,0.797924
cephfs-ssd,contents_write,201,0.811942
cephfs-ssd,contents_write,201,0.767232
cephfs-ssd,contents_write,201,0.779306
cephfs-ssd,contents_write,201,0.797253
cephfs-ssd,contents_write,201,0.805814
cephfs-ssd,contents_write,201,0.797569
cephfs-ssd,contents_write,201,0.765258
cephfs-ssd,contents_write,201,0.810602
cephfs-ssd,contents_write,201,0.778723
cephfs-ssd,contents_write,201,0.812393
cephfs-ssd,contents_write,201,0.800195
cephfs-ssd,contents_write,201,0.767924
cephfs-ssd,contents_write,201,0.806428
cephfs-ssd,contents_write,201,0.774982
cephfs-ssd,contents_write,201,0.783916
cephfs-ssd,contents_write,201,0.789402
cephfs-ssd,contents_write,201,0.763124
cephfs-ssd,contents_write,201,0.802724
cephfs-ssd,contents_write,201,0.766059
cephfs-ssd,git_push,200,0.86
cephfs-ssd,git_push,200,0.92
cephfs-ssd,git_push,200,0.94
cephfs-ssd,git_push,200,0.93
cephfs-ssd,git_push,200,0.91
cephfs-ssd,git_push,200,0.92
cephfs-ssd,git_push,200,0.92
cephfs-ssd,git_push,200,0.91
cephfs-ssd,git_push,200,0.93
cephfs-ssd,git_push,200,0.87
cephfs-ssd,git_push,200,0.89
cephfs-ssd,git_push,200,0.89
cephfs-ssd,git_push,200,0.91
cephfs-ssd,git_push,200,0.93
cephfs-ssd,git_push,200,0.88
cephfs-ssd,git_push,200,0.89
cephfs-ssd,git_push,200,0.93
cephfs-ssd,git_push,200,0.93
cephfs-ssd,git_push,200,0.89
cephfs-ssd,git_push,200,0.98
